{
    "player": {
        "shape": [
            1.09376460313797,
            6.781253963708878,
            8.968757092952728,
            22.09376022219658,
            12.031259387731552,
            20.343761891126633,
            15.093756467103958,
            21.218761056661606,
            24.281258136034012,
            8.968757092952728,
            18.593763560056686,
            3.2812677323818207,
            15.53126648068428,
            0.21876543760299683,
            11.593759804964066,
            2.406258136034012,
            8.53126272559166,
            0.21876543760299683
        ]
    },
    "slime": {
        "shape": [
            2.062511444091797,
            1.6875073313713074,
            22.312505543231964,
            1.3125121593475342,
            21.937505900859833,
            10.687507688999176,
            16.687506437301636,
            15.937507152557373,
            8.437509834766388,
            15.937507152557373,
            3.187510371208191,
            10.312508046627045
        ]
    }
}
